{"cameraMode":{"drawMode":0,"name":"Shaded","section":"Shading Mode"},"sceneLighting":true,"audioPlay":false,"sceneViewState":{"showFog":true,"showMaterialUpdate":false,"showSkybox":true,"showFlares":true,"showImageEffects":true,"showParticleSystems":true},"in2DMode":false,"pivot":{"x":46.28251266479492,"y":2.749213457107544,"z":39.58406448364258},"rotation":{"x":0.04283614456653595,"y":0.9225152134895325,"z":-0.3682605028152466,"w":0.10730819404125214},"size":76.51762390136719,"orthographic":false}